series,index,value
n=1: proportion,1,0.0
n=1: proportion,2,1.0
n=1: probability,1,0.4999999999999999
n=1: probability,2,0.5
n=2: proportion,1,0.0
n=2: proportion,2,0.5
n=2: proportion,3,1.0
n=2: probability,1,0.25
n=2: probability,2,0.5000000000000002
n=2: probability,3,0.25
n=3: proportion,1,0.0
n=3: proportion,2,0.3333333333333333
n=3: proportion,3,0.6666666666666666
n=3: proportion,4,1.0
n=3: probability,1,0.12499999999999999
n=3: probability,2,0.37500000000000033
n=3: probability,3,0.3750000000000003
n=3: probability,4,0.125
n=4: proportion,1,0.0
n=4: proportion,2,0.25
n=4: proportion,3,0.5
n=4: proportion,4,0.75
n=4: proportion,5,1.0
n=4: probability,1,0.0625
n=4: probability,2,0.24999999999999994
n=4: probability,3,0.37500000000000017
n=4: probability,4,0.25
n=4: probability,5,0.0625
