Patient row,Actual HeartDisease,Full-data probability (in-sample),Full-data prediction
0,0,0.0337083279261178,0
1,1,0.089780216370952,0
2,0,0.0337083279261178,0
3,1,0.7137839592541307,1
4,0,0.05998412932515848,0
5,0,0.09132731392733065,0
6,0,0.004670539954814089,0
7,0,0.0256084609542934,0
8,1,0.9478393259058377,1
9,0,0.006189885913799273,0
10,0,0.013339277585789516,0
11,1,0.6074894221355256,1
12,0,0.0256084609542934,0
13,1,0.9478393259058377,1
14,0,0.013339277585789516,0
15,0,0.05116275264395474,0
16,1,0.8864269418396102,1
17,0,0.004670539954814089,0
18,1,0.856835780998427,1
19,1,0.3448014999716201,0
20,0,0.031157237695955037,0
21,0,0.1996498118981365,0
22,0,0.004670539954814089,0
23,1,0.7091074229877439,1
24,0,0.07039060769385166,0
25,0,0.07039060769385166,0
26,0,0.9521929285124264,1
27,0,0.0337083279261178,0
28,0,0.006189885913799273,0
29,0,0.021668213218906156,0
30,1,0.6992571902258958,1
31,0,0.05998412932515848,0
32,1,0.8579440300801441,1
33,1,0.835786479246601,1
34,0,0.003938883912582075,0
35,0,0.0337083279261178,0
36,1,0.9834147480014799,1
37,0,0.006189885913799273,0
38,0,0.006530782848606091,0
39,0,0.7137839592541307,1
40,0,0.004670539954814089,0
41,1,0.6202680579150502,1
42,0,0.0337083279261178,0
43,0,0.09132731392733065,0
44,1,0.9387016093764422,1
45,0,0.8620450104491926,1
46,0,0.28588921900729186,0
47,0,0.0256084609542934,0
48,0,0.5309561036360712,1
49,1,0.9247727222620264,1
50,1,0.9375219275264977,1
51,1,0.6731356812331586,1
52,0,0.06339618250308189,0
53,0,0.006189885913799273,0
54,0,0.6775906496716657,1
55,0,0.003938883912582075,0
56,1,0.9601904864221955,1
57,1,0.6365898668886562,1
58,0,0.20553635753956984,0
59,1,0.9601904864221955,1
60,0,0.0337083279261178,0
61,0,0.01762865408146137,0
62,0,0.28588921900729186,0
63,1,0.9601904864221955,1
64,0,0.004670539954814089,0
65,0,0.006189885913799273,0
66,0,0.0866554875886926,0
67,0,0.0256084609542934,0
68,1,0.9521929285124264,1
69,0,0.34699733613021455,0
70,1,0.7469638918171553,1
71,0,0.0256084609542934,0
72,1,0.8864269418396102,1
73,0,0.0667111639450245,0
74,1,0.9601904864221955,1
75,0,0.05998412932515848,0
76,1,0.9247727222620264,1
77,0,0.056815405125313,0
78,0,0.13368452513228196,0
79,1,0.9025482255903836,1
80,0,0.09132731392733065,0
81,0,0.0256084609542934,0
82,1,0.9025482255903836,1
83,0,0.021668213218906156,0
84,1,0.9790796339394685,1
85,1,0.9387016093764422,1
86,1,0.979985591268148,1
87,0,0.2013079923541929,0
88,1,0.846877882901065,1
89,0,0.9719191568764768,1
90,0,0.004670539954814089,0
91,0,0.34699733613021455,0
92,0,0.004670539954814089,0
93,1,0.9601904864221955,1
94,0,0.011265003690973498,0
95,1,0.9521929285124264,1
96,0,0.0256084609542934,0
97,0,0.09590452580803721,0
98,0,0.25226928275811283,0
99,0,0.0337083279261178,0
100,1,0.9601904864221955,1
101,0,0.25226928275811283,0
102,1,0.5238480428661778,1
103,1,0.9834147480014799,1
104,1,0.8864269418396102,1
105,0,0.07898419083286679,0
106,0,0.0866554875886926,0
107,0,0.0256084609542934,0
108,0,0.25226928275811283,0
109,0,0.0337083279261178,0
110,0,0.03310174702675699,0
111,1,0.9521929285124264,1
112,0,0.8299887794968113,1
113,0,0.0337083279261178,0
114,0,0.013339277585789516,0
115,1,0.767991211277002,1
116,1,0.9247727222620264,1
117,1,0.8905619811096436,1
118,0,0.026386346763735677,0
119,1,0.778343498717818,1
120,1,0.43960427210440645,0
121,0,0.01762865408146137,0
122,0,0.34699733613021455,0
123,1,0.28832396262762505,0
124,0,0.0256084609542934,0
125,0,0.0337083279261178,0
126,0,0.003938883912582075,0
127,0,0.037796797876504376,0
128,0,0.011940989734324546,0
129,0,0.8247996606527409,1
130,0,0.09132731392733065,0
131,1,0.9719191568764768,1
132,1,0.9521929285124264,1
133,1,0.9478393259058377,1
134,0,0.767991211277002,1
135,1,0.6992571902258958,1
136,0,0.004670539954814089,0
137,0,0.022242266228854588,0
138,1,0.966852316660725,1
139,1,0.9521929285124264,1
140,1,0.9521929285124264,1
141,1,0.9521929285124264,1
142,1,0.9521929285124264,1
143,0,0.34699733613021455,0
144,1,0.05116275264395474,0
145,0,0.34699733613021455,0
146,0,0.021668213218906156,0
147,0,0.006189885913799273,0
148,0,0.021668213218906156,0
149,1,0.9834147480014799,1
150,0,0.0256084609542934,0
151,0,0.021668213218906156,0
152,0,0.0337083279261178,0
153,0,0.34699733613021455,0
154,0,0.0337083279261178,0
155,1,0.979985591268148,1
156,1,0.9387016093764422,1
157,0,0.25226928275811283,0
158,1,0.9521929285124264,1
159,0,0.010667986065120481,0
160,1,0.9912233573855519,1
161,1,0.9719191568764768,1
162,0,0.0337083279261178,0
163,0,0.021668213218906156,0
164,0,0.004670539954814089,0
165,1,0.8986455867397571,1
166,1,0.9375219275264977,1
167,0,0.0256084609542934,0
168,0,0.28588921900729186,0
169,0,0.05998412932515848,0
170,0,0.0337083279261178,0
171,0,0.07039060769385166,0
172,0,0.0337083279261178,0
173,0,0.05998412932515848,0
174,1,0.9521929285124264,1
175,1,0.9521929285124264,1
176,1,0.8184801770822018,1
177,0,0.0337083279261178,0
178,0,0.05998412932515848,0
179,0,0.0667111639450245,0
180,1,0.9375219275264977,1
181,0,0.0256084609542934,0
182,1,0.9521929285124264,1
183,0,0.9478393259058377,1
184,0,0.006189885913799273,0
185,1,0.8185608263414391,1
186,0,0.0337083279261178,0
187,1,0.9790796339394685,1
188,0,0.767991211277002,1
189,1,0.9601904864221955,1
190,0,0.34699733613021455,0
191,0,0.0256084609542934,0
192,0,0.0337083279261178,0
193,0,0.05998412932515848,0
194,0,0.003938883912582075,0
195,0,0.026386346763735677,0
196,0,0.856835780998427,1
197,0,0.0337083279261178,0
198,1,0.9786965923484429,1
199,0,0.26983060998420877,0
200,0,0.1929464315711643,0
201,0,0.07039060769385166,0
202,0,0.05998412932515848,0
203,0,0.004670539954814089,0
204,0,0.021668213218906156,0
205,0,0.5993810512178828,1
206,0,0.0337083279261178,0
207,1,0.44659879734711894,0
208,0,0.021668213218906156,0
209,1,0.9025482255903836,1
210,1,0.9679699158094796,1
211,1,0.6202680579150502,1
212,0,0.21266792639943047,0
213,0,0.013339277585789516,0
214,1,0.9478393259058377,1
215,0,0.031157237695955037,0
216,1,0.9247727222620264,1
217,0,0.07039060769385166,0
218,0,0.021668213218906156,0
219,0,0.0337083279261178,0
220,1,0.9025482255903836,1
221,1,0.767991211277002,1
222,0,0.011265003690973498,0
223,0,0.09132731392733065,0
224,0,0.07898419083286679,0
225,1,0.9247727222620264,1
226,0,0.05998412932515848,0
227,1,0.9267165126214705,1
228,0,0.0337083279261178,0
229,0,0.056815405125313,0
230,0,0.34699733613021455,0
231,0,0.09132731392733065,0
232,0,0.006189885913799273,0
233,0,0.34699733613021455,0
234,0,0.006189885913799273,0
235,0,0.6898279418963218,1
236,1,0.9521929285124264,1
237,1,0.846877882901065,1
238,1,0.9521929285124264,1
239,1,0.9267165126214705,1
240,0,0.0337083279261178,0
241,1,0.9267165126214705,1
242,1,0.8569939958297951,1
243,0,0.006189885913799273,0
244,1,0.9601904864221955,1
245,0,0.09006791921255879,0
246,1,0.8247996606527409,1
247,1,0.9569123592054952,1
248,1,0.9478393259058377,1
249,1,0.9601904864221955,1
250,1,0.9247727222620264,1
251,1,0.8890907823993843,1
252,0,0.6650890862937087,1
253,0,0.016700074961339198,0
254,1,0.9521929285124264,1
255,0,0.01762865408146137,0
256,0,0.006189885913799273,0
257,0,0.05998412932515848,0
258,0,0.013339277585789516,0
259,0,0.006189885913799273,0
260,0,0.19552766600872631,0
261,0,0.002279358470363665,0
262,1,0.9719191568764768,1
263,1,0.8864269418396102,1
264,1,0.7986854071351863,1
265,0,0.0337083279261178,0
266,1,0.9601904864221955,1
267,0,0.0256084609542934,0
268,1,0.9601904864221955,1
269,0,0.1355238664655561,0
270,0,0.28588921900729186,0
271,0,0.003938883912582075,0
272,1,0.9375219275264977,1
273,0,0.07039060769385166,0
274,0,0.006189885913799273,0
275,0,0.07039060769385166,0
276,1,0.49048482473216415,0
277,1,0.9478393259058377,1
278,0,0.8631061529092756,1
279,0,0.006189885913799273,0
280,0,0.09132731392733065,0
281,1,0.8579440300801441,1
282,0,0.029129882293591654,0
283,0,0.006189885913799273,0
284,0,0.34699733613021455,0
285,0,0.011265003690973498,0
286,0,0.25226928275811283,0
287,0,0.021668213218906156,0
288,0,0.004045178330511816,0
289,0,0.021668213218906156,0
290,0,0.07039060769385166,0
291,0,0.0030232058749975954,0
292,0,0.25226928275811283,0
293,1,0.9938449561952434,1
294,1,0.9443767410920172,1
295,1,0.9866740798878042,1
296,1,0.9996935825863501,1
297,1,0.9866740798878042,1
298,1,0.9988558349362647,1
299,1,0.9609504060683991,1
300,1,0.9988558349362647,1
301,0,0.10921680788272797,0
302,1,0.9483805304254046,1
303,1,0.9979499388094816,1
304,1,0.9982465036418162,1
305,1,0.9296758070556287,1
306,1,0.9988558349362647,1
307,0,0.562649587800642,1
308,1,0.9741847881956676,1
309,1,0.9974808853633795,1
310,0,0.4762455014818749,0
311,1,0.9741847881956676,1
312,1,0.9483805304254046,1
313,1,0.9741847881956676,1
314,0,0.9694670185570973,1
315,1,0.5467134228010623,1
316,1,0.9939802066198951,1
317,1,0.9866740798878042,1
318,1,0.9982465036418162,1
319,1,0.9483805304254046,1
320,1,0.9907982531819632,1
321,1,0.9988558349362647,1
322,1,0.8146000122659871,1
323,1,0.9984436983303503,1
324,1,0.9988558349362647,1
325,1,0.9993246784195674,1
326,0,0.26103803337853676,0
327,1,0.9929591289864766,1
328,1,0.9996935825863501,1
329,1,0.9987144947950386,1
330,1,0.8231475051864023,1
331,1,0.9741847881956676,1
332,0,0.26103803337853676,0
333,1,0.9741847881956676,1
334,1,0.9741847881956676,1
335,1,0.9974604407404116,1
336,0,0.7991415557862493,1
337,1,0.9609504060683991,1
338,1,0.9609504060683991,1
339,1,0.9917892114140459,1
340,1,0.9948394864475868,1
341,1,0.9987144947950386,1
342,1,0.9976527365887746,1
343,1,0.9988558349362647,1
344,1,0.9988558349362647,1
345,1,0.9773788448619123,1
346,1,0.9773788448619123,1
347,1,0.9988558349362647,1
348,1,0.9883413584431785,1
349,1,0.9994165259634852,1
350,1,0.9988558349362647,1
351,1,0.874682575151253,1
352,1,0.9865296117589686,1
353,1,0.9883413584431785,1
354,1,0.6512845986496264,1
355,1,0.9510736527563529,1
356,1,0.9883413584431785,1
357,1,0.7393382826838261,1
358,1,0.9766530150702193,1
359,1,0.8909729324955598,1
360,1,0.9766530150702193,1
361,1,0.9938449561952434,1
362,1,0.8909729324955598,1
363,1,0.9773788448619123,1
364,0,0.8909729324955598,1
365,1,0.9208503913237692,1
366,1,0.9859162367323574,1
367,1,0.874682575151253,1
368,1,0.9859162367323574,1
369,1,0.9859162367323574,1
370,1,0.874682575151253,1
371,1,0.9859162367323574,1
372,1,0.874682575151253,1
373,1,0.9883413584431785,1
374,1,0.9865296117589686,1
375,1,0.05932934544765778,0
376,1,0.9564506626685199,1
377,1,0.9976527365887746,1
378,1,0.999293510368051,1
379,1,0.874682575151253,1
380,1,0.9938449561952434,1
381,1,0.9938449561952434,1
382,1,0.9859162367323574,1
383,1,0.8556926762002603,1
384,1,0.9773788448619123,1
385,1,0.9938449561952434,1
386,1,0.9938449561952434,1
387,1,0.9883413584431785,1
388,1,0.9773788448619123,1
389,1,0.9976527365887746,1
390,1,0.9773788448619123,1
391,1,0.9938449561952434,1
392,1,0.9773788448619123,1
393,1,0.9996935825863501,1
394,1,0.999293510368051,1
395,1,0.9988558349362647,1
396,1,0.9817862928527601,1
397,1,0.9996935825863501,1
398,1,0.9866740798878042,1
399,1,0.9939802066198951,1
400,1,0.9917225838649173,1
401,1,0.9988558349362647,1
402,1,0.9988558349362647,1
403,1,0.999293510368051,1
404,1,0.9988182896962003,1
405,1,0.9994165259634852,1
406,1,0.9996935825863501,1
407,1,0.9996935825863501,1
408,1,0.9988558349362647,1
409,1,0.9988182896962003,1
410,1,0.9982465036418162,1
411,1,0.9976527365887746,1
412,1,0.9994165259634852,1
413,1,0.9939802066198951,1
414,1,0.999293510368051,1
415,1,0.9917225838649173,1
416,1,0.9521929285124264,1
417,0,0.28588921900729186,0
418,1,0.8917986321727314,1
419,1,0.39344032437404597,0
420,0,0.923807739792393,1
421,0,0.26103803337853676,0
422,1,0.9889062616477373,1
423,0,0.9564506626685199,1
424,1,0.9406183002937623,1
425,1,0.6648690429390297,1
426,0,0.021668213218906156,0
427,1,0.9883413584431785,1
428,1,0.9938449561952434,1
429,1,0.9564506626685199,1
430,1,0.9994165259634852,1
431,0,0.28588921900729186,0
432,1,0.8515364192570787,1
433,1,0.9375219275264977,1
434,0,0.9051323846924851,1
435,0,0.874682575151253,1
436,1,0.4762455014818749,0
437,1,0.9982465036418162,1
438,1,0.9766530150702193,1
439,0,0.26103803337853676,0
440,1,0.18722745318831543,0
441,1,0.9976527365887746,1
442,1,0.9994165259634852,1
443,1,0.9797929135486824,1
444,1,0.9387016093764422,1
445,1,0.8247996606527409,1
446,1,0.9883413584431785,1
447,1,0.3534323340042523,0
448,1,0.9790796339394685,1
449,1,0.7991415557862493,1
450,1,0.8916100251313622,1
451,1,0.9883413584431785,1
452,1,0.9601904864221955,1
453,0,0.7516161829769573,1
454,1,0.9790796339394685,1
455,0,0.7856131271647155,1
456,1,0.9766530150702193,1
457,1,0.9988558349362647,1
458,1,0.9976527365887746,1
459,0,0.6512845986496264,1
460,1,0.9834147480014799,1
461,1,0.9938449561952434,1
462,1,0.8917986321727314,1
463,0,0.6512845986496264,1
464,1,0.8916100251313622,1
465,0,0.09132731392733065,0
466,1,0.9477426799150662,1
467,0,0.021422152378560183,0
468,1,0.39829984449068306,0
469,0,0.505223490018643,1
470,1,0.9773788448619123,1
471,1,0.9859162367323574,1
472,1,0.9994165259634852,1
473,1,0.9388813084097626,1
474,0,0.10921680788272797,0
475,1,0.9996935825863501,1
476,0,0.5076493953174437,1
477,1,0.9984436983303503,1
478,1,0.979985591268148,1
479,1,0.9477426799150662,1
480,1,0.9942566583432338,1
481,1,0.9799349714677432,1
482,1,0.277071866835662,0
483,1,0.974651753224215,1
484,1,0.9883413584431785,1
485,1,0.8513651789978717,1
486,0,0.06339618250308189,0
487,1,0.9375219275264977,1
488,0,0.1929464315711643,0
489,1,0.9375219275264977,1
490,1,0.8247996606527409,1
491,1,0.9597629523586207,1
492,1,0.926880441686911,1
493,1,0.8620450104491926,1
494,1,0.9375219275264977,1
495,1,0.767991211277002,1
496,0,0.8696803475277712,1
497,1,0.9003378659648382,1
498,1,0.9912233573855519,1
499,1,0.9601904864221955,1
500,1,0.9003378659648382,1
501,1,0.9521929285124264,1
502,1,0.9375219275264977,1
503,0,0.5076493953174437,1
504,1,0.9460301237488745,1
505,1,0.9388813084097626,1
506,1,0.9375219275264977,1
507,0,0.3397094381829675,0
508,1,0.9948394864475868,1
509,1,0.8864269418396102,1
510,0,0.25226928275811283,0
511,1,0.979985591268148,1
512,0,0.05998412932515848,0
513,1,0.72489769143561,1
514,1,0.6512845986496264,1
515,0,0.9907982531819632,1
516,1,0.7104799986537493,1
517,1,0.9478393259058377,1
518,1,0.9950562317048165,1
519,1,0.5104303774926898,1
520,0,0.9025482255903836,1
521,1,0.9003378659648382,1
522,1,0.5104303774926898,1
523,1,0.9387016093764422,1
524,0,0.25226928275811283,0
525,0,0.07039060769385166,0
526,1,0.9601904864221955,1
527,0,0.0337083279261178,0
528,1,0.7986854071351863,1
529,1,0.9478393259058377,1
530,1,0.9478393259058377,1
531,1,0.9834147480014799,1
532,1,0.9284411856085356,1
533,1,0.9521929285124264,1
534,1,0.8718945442422146,1
535,1,0.9883413584431785,1
536,1,0.997751590376393,1
537,1,0.9569123592054952,1
538,1,0.9747771408037372,1
539,0,0.25226928275811283,0
540,1,0.8247996606527409,1
541,1,0.30392528498808247,0
542,1,0.767991211277002,1
543,1,0.8515364192570787,1
544,0,0.09639812764294392,0
545,0,0.34699733613021455,0
546,1,0.8185608263414391,1
547,1,0.7032442461266787,1
548,1,0.20553635753956984,0
549,0,0.20148735027625944,0
550,1,0.8890907823993843,1
551,0,0.07039060769385166,0
552,1,0.8247996606527409,1
553,1,0.8364094415389093,1
554,0,0.09590452580803721,0
555,1,0.8996678331618094,1
556,0,0.9569123592054952,1
557,1,0.923807739792393,1
558,1,0.8247996606527409,1
559,1,0.9003378659648382,1
560,0,0.07039060769385166,0
561,0,0.021668213218906156,0
562,0,0.9521929285124264,1
563,1,0.9790796339394685,1
564,1,0.979985591268148,1
565,1,0.9601904864221955,1
566,0,0.9387016093764422,1
567,1,0.9719191568764768,1
568,1,0.9162471513940792,1
569,1,0.9375219275264977,1
570,1,0.8718945442422146,1
571,1,0.96220239269208,1
572,1,0.966852316660725,1
573,1,0.8633275721572838,1
574,1,0.9790796339394685,1
575,1,0.9834147480014799,1
576,1,0.9267165126214705,1
577,1,0.9601904864221955,1
578,1,0.8515364192570787,1
579,1,0.9834147480014799,1
580,1,0.96220239269208,1
581,1,0.43993101160028725,0
582,1,0.9889062616477373,1
583,0,0.09132731392733065,0
584,1,0.9834147480014799,1
585,1,0.6648690429390297,1
586,1,0.9521929285124264,1
587,0,0.5309561036360712,1
588,1,0.9375219275264977,1
589,1,0.8185608263414391,1
590,0,0.021668213218906156,0
591,0,0.28588921900729186,0
592,1,0.9569123592054952,1
593,1,0.9679699158094796,1
594,1,0.7193457995158852,1
595,1,0.9797929135486824,1
596,1,0.9247727222620264,1
597,0,0.05998412932515848,0
598,1,0.8917986321727314,1
599,1,0.9207161980053028,1
600,0,0.9478393259058377,1
601,1,0.8620450104491926,1
602,1,0.9224928104277905,1
603,1,0.9162471513940792,1
604,0,0.558456945174761,1
605,0,0.10197578341443105,0
606,1,0.979985591268148,1
607,1,0.9834147480014799,1
608,1,0.966852316660725,1
609,1,0.9247727222620264,1
610,1,0.8057304582389666,1
611,0,0.131785963005625,0
612,1,0.9597629523586207,1
613,0,0.5664120627742416,1
614,1,0.8490043796743137,1
615,1,0.8890907823993843,1
616,0,0.13446548040376013,0
617,1,0.0337083279261178,0
618,0,0.9786965923484429,1
619,0,0.041590897430084664,0
620,0,0.25226928275811283,0
621,1,0.966952395958794,1
622,1,0.9478393259058377,1
623,1,0.856835780998427,1
624,1,0.5238480428661778,1
625,0,0.9025482255903836,1
626,0,0.5993810512178828,1
627,0,0.07039060769385166,0
628,1,0.7309807886266965,1
629,0,0.0866554875886926,0
630,0,0.34275284529336636,0
631,1,0.9601904864221955,1
632,1,0.9460301237488745,1
633,0,0.6650136672685029,1
634,0,0.06744017221181463,0
635,1,0.9375219275264977,1
636,0,0.44659879734711894,0
637,0,0.856835780998427,1
638,0,0.28588921900729186,0
639,0,0.09639812764294392,0
640,0,0.01762865408146137,0
641,0,0.8631061529092756,1
642,0,0.01762865408146137,0
643,1,0.5332127210019609,1
644,0,0.04225121423176163,0
645,1,0.6365898668886562,1
646,0,0.2070203476122836,0
647,0,0.013339277585789516,0
648,1,0.9003378659648382,1
649,1,0.9719191568764768,1
650,1,0.8299887794968113,1
651,1,0.43993101160028725,0
652,1,0.1929464315711643,0
653,0,0.05998412932515848,0
654,0,0.28588921900729186,0
655,1,0.28588921900729186,0
656,0,0.0667111639450245,0
657,0,0.2793357414846074,0
658,0,0.03551060146041241,0
659,1,0.7463199336908019,1
660,0,0.16319149033153832,0
661,1,0.05998412932515848,0
662,1,0.25226928275811283,0
663,1,0.8490043796743137,1
664,1,0.3822666663847398,0
665,1,0.9601904864221955,1
666,0,0.06339618250308189,0
667,0,0.04225121423176163,0
668,0,0.003938883912582075,0
669,0,0.0770148462235238,0
670,0,0.003938883912582075,0
671,1,0.9267165126214705,1
672,0,0.018587738140049985,0
673,1,0.8631061529092756,1
674,1,0.2820728417783029,0
675,0,0.09590452580803721,0
676,1,0.767991211277002,1
677,0,0.07039060769385166,0
678,0,0.040938425767390756,0
679,0,0.7604281502825438,1
680,1,0.9786965923484429,1
681,0,0.6650890862937087,1
682,1,0.015080785304926852,0
683,0,0.24190574357067296,0
684,1,0.09132731392733065,0
685,1,0.9521929285124264,1
686,0,0.26175780674816485,0
687,0,0.0337083279261178,0
688,0,0.089780216370952,0
689,0,0.0667111639450245,0
690,1,0.9786965923484429,1
691,0,0.9375219275264977,1
692,0,0.011265003690973498,0
693,0,0.1938118707148156,0
694,0,0.0256084609542934,0
695,1,0.8579440300801441,1
696,1,0.9387016093764422,1
697,1,0.6650890862937087,1
698,0,0.5332127210019609,1
699,0,0.9478393259058377,1
700,0,0.1929464315711643,0
701,0,0.06339618250308189,0
702,0,0.6206161263877505,1
703,0,0.006189885913799273,0
704,1,0.8890907823993843,1
705,0,0.15477187487293817,0
706,1,0.0866554875886926,0
707,1,0.9521929285124264,1
708,1,0.9719191568764768,1
709,1,0.16311736145237218,0
710,1,0.9601904864221955,1
711,0,0.9247727222620264,1
712,1,0.28588921900729186,0
713,0,0.01762865408146137,0
714,0,0.0030232058749975954,0
715,0,0.16846557531989503,0
716,1,0.8184801770822018,1
717,0,0.0866554875886926,0
718,1,0.9363592506164177,1
719,1,0.856835780998427,1
720,1,0.9247727222620264,1
721,0,0.8247996606527409,1
722,1,0.5238480428661778,1
723,1,0.5576856747522441,1
724,0,0.06569825845095786,0
725,1,0.7321525651079059,1
726,0,0.0256084609542934,0
727,1,0.0866554875886926,0
728,0,0.04225121423176163,0
729,0,0.0337083279261178,0
730,0,0.09971050566435453,0
731,1,0.34699733613021455,0
732,1,0.9329549373467984,1
733,0,0.43573515621213416,0
734,1,0.9641501368465221,1
735,1,0.49048482473216415,0
736,1,0.9521929285124264,1
737,1,0.9601904864221955,1
738,0,0.01762865408146137,0
739,0,0.5132852120198352,1
740,0,0.013339277585789516,0
741,1,0.9601904864221955,1
742,0,0.16846557531989503,0
743,0,0.0256084609542934,0
744,1,0.6692050100542476,1
745,1,0.767991211277002,1
746,1,0.5993810512178828,1
747,0,0.28588921900729186,0
748,1,0.9003378659648382,1
749,0,0.03555456063630558,0
750,0,0.5299652535895053,1
751,0,0.01762865408146137,0
752,1,0.9834147480014799,1
753,0,0.004670539954814089,0
754,0,0.5993810512178828,1
755,1,0.8579440300801441,1
756,0,0.34699733613021455,0
757,1,0.6365898668886562,1
758,0,0.07903142574832477,0
759,1,0.0337083279261178,0
760,1,0.9521929285124264,1
761,1,0.28588921900729186,0
762,1,0.9267165126214705,1
763,1,0.04705449107161382,0
764,0,0.08413101607554997,0
765,0,0.09132731392733065,0
766,0,0.10477974023652702,0
767,0,0.01762865408146137,0
768,0,0.5238480428661778,1
769,0,0.01762865408146137,0
770,0,0.004670539954814089,0
771,1,0.8718945442422146,1
772,0,0.0337083279261178,0
773,0,0.6309417078018157,1
774,1,0.8652814579379774,1
775,1,0.6211156286587206,1
776,1,0.767991211277002,1
777,0,0.0337083279261178,0
778,1,0.9521929285124264,1
779,0,0.28588921900729186,0
780,0,0.26175780674816485,0
781,0,0.0866554875886926,0
782,0,0.3514495610636861,0
783,0,0.8260894955119591,1
784,1,0.868759166876534,1
785,0,0.9147595243607552,1
786,1,0.6025775159301956,1
787,1,0.9786965923484429,1
788,0,0.10477974023652702,0
789,0,0.131785963005625,0
790,1,0.6687911099628205,1
791,1,0.9521929285124264,1
792,1,0.5332127210019609,1
793,1,0.9679699158094796,1
794,0,0.05998412932515848,0
795,0,0.7216467322472124,1
796,1,0.767991211277002,1
797,1,0.25226928275811283,0
798,0,0.6278516545603072,1
799,0,0.19812672658207692,0
800,0,0.046649731144474064,0
801,1,0.9267165126214705,1
802,0,0.5076493953174437,1
803,0,0.45096590380273305,0
804,1,0.8376639381443901,1
805,0,0.16311736145237218,0
806,1,0.8515364192570787,1
807,0,0.0337083279261178,0
808,1,0.6650890862937087,1
809,0,0.19812672658207692,0
810,0,0.05116275264395474,0
811,0,0.45096590380273305,0
812,0,0.10477974023652702,0
813,0,0.015415656153638591,0
814,1,0.6650890862937087,1
815,0,0.046649731144474064,0
816,1,0.34699733613021455,0
817,1,0.9521929285124264,1
818,1,0.5104303774926898,1
819,1,0.9786965923484429,1
820,0,0.868759166876534,1
821,0,0.01762865408146137,0
822,0,0.9224928104277905,1
823,1,0.8620450104491926,1
824,0,0.40747984906829166,0
825,1,0.846877882901065,1
826,0,0.7884666971047781,1
827,0,0.1938118707148156,0
828,1,0.9375219275264977,1
829,0,0.0256084609542934,0
830,0,0.002279358470363665,0
831,0,0.01762865408146137,0
832,0,0.2793357414846074,0
833,0,0.6992571902258958,1
834,0,0.0256084609542934,0
835,1,0.9375219275264977,1
836,1,0.8890907823993843,1
837,0,0.030131279045921278,0
838,1,0.7193457995158852,1
839,0,0.028491763886415163,0
840,0,0.3781066762909964,0
841,1,0.13446548040376013,0
842,1,0.8704634493251646,1
843,0,0.04860629056825971,0
844,0,0.778343498717818,1
845,1,0.767991211277002,1
846,1,0.8184801770822018,1
847,0,0.34699733613021455,0
848,1,0.6650890862937087,1
849,0,0.460287171189119,0
850,1,0.5912444248767201,1
851,0,0.0667111639450245,0
852,1,0.9267165126214705,1
853,0,0.09132731392733065,0
854,0,0.0337083279261178,0
855,1,0.9388813084097626,1
856,0,0.09132731392733065,0
857,0,0.6278516545603072,1
858,1,0.6949562856751826,1
859,0,0.008661021031430642,0
860,1,0.5104303774926898,1
861,1,0.34699733613021455,0
862,0,0.01762865408146137,0
863,1,0.49048482473216415,0
864,1,0.9521929285124264,1
865,1,0.7916619087534477,1
866,0,0.0256084609542934,0
867,1,0.34699733613021455,0
868,0,0.05998412932515848,0
869,0,0.08671262173365013,0
870,0,0.006189885913799273,0
871,0,0.9388813084097626,1
872,1,0.9601904864221955,1
873,1,0.09132731392733065,0
874,0,0.20553635753956984,0
875,0,0.01762865408146137,0
876,1,0.9375219275264977,1
877,1,0.2820728417783029,0
878,0,0.0337083279261178,0
879,1,0.11836738733853866,0
880,0,0.09590452580803721,0
881,0,0.0337083279261178,0
882,0,0.05116275264395474,0
883,0,0.8864269418396102,1
884,1,0.9601904864221955,1
885,0,0.013339277585789516,0
886,0,0.07039060769385166,0
887,1,0.9912233573855519,1
888,1,0.9790796339394685,1
889,1,0.15262659605416298,0
890,0,0.8064570428316556,1
891,0,0.24190574357067296,0
892,0,0.1938118707148156,0
893,1,0.0256084609542934,0
894,0,0.5171756549821003,1
895,1,0.9521929285124264,1
896,0,0.09132731392733065,0
897,1,0.6731356812331586,1
898,0,0.021668213218906156,0
899,1,0.28588921900729186,0
900,1,0.7842956834681482,1
901,1,0.8413671136396005,1
902,0,0.3781066762909964,0
903,0,0.0256084609542934,0
904,0,0.2679531421294666,0
905,1,0.6365898668886562,1
906,0,0.0030232058749975954,0
907,1,0.8515364192570787,1
908,1,0.3534323340042523,0
909,1,0.8001209062948461,1
910,0,0.021668213218906156,0
911,1,0.8633275721572838,1
912,1,0.8631061529092756,1
913,1,0.7291946832207382,1
914,1,0.8943003959089879,1
915,1,0.9387016093764422,1
916,1,0.0770148462235238,0
917,0,0.05998412932515848,0
