height_cm,weight_kg
1.617205273873700548e+02,6.961429072431857890e+01
1.531958429535465882e+02,6.522859953054680204e+01
1.800181623297462181e+02,7.792444872810882828e+01
1.653725858333434928e+02,7.444234709598811150e+01
1.665048263717488908e+02,6.652832207869583669e+01
1.605445132405989170e+02,7.145037366558818803e+01
1.624080095923498277e+02,5.586182199039179608e+01
1.643571984545582723e+02,5.908876643519535321e+01
1.633657496291398843e+02,7.606350790338532875e+01
1.577347985967670922e+02,7.345007439040674058e+01
1.663027627217049655e+02,7.539338462800584750e+01
1.654328218235133932e+02,8.100460356960925878e+01
1.611721492801525812e+02,5.548075199962792681e+01
1.569652971552694964e+02,7.149310725202886374e+01
1.558444354366693858e+02,5.730301242830996955e+01
1.549438016798355875e+02,8.855127157154248607e+01
1.639364034101274115e+02,6.932674133632546898e+01
1.595436541659869931e+02,7.260561293281816120e+01
1.680974239520248830e+02,6.179248684918115941e+01
1.557855527487013489e+02,7.408724990375124264e+01
1.670802517214451939e+02,7.836159558628546051e+01
1.621883250333127933e+02,8.080089083460521238e+01
1.580178385850083771e+02,7.052283838958730655e+01
1.693119279963580084e+02,7.722090934154191189e+01
1.630547586026020781e+02,5.897693921662993688e+01
1.675316107438657980e+02,5.864103273169250485e+01
1.696374102757098399e+02,7.603465136080407660e+01
1.654614707649440675e+02,7.074464581792358331e+01
1.585894203540186425e+02,7.713828706436945026e+01
1.633005681694729674e+02,7.284934961355310179e+01
1.690313031867755456e+02,7.057045933638360680e+01
1.576360675050804616e+02,7.277767724547965145e+01
1.658200407741302342e+02,7.474539148482926976e+01
1.606301553477756840e+02,7.031098234806790970e+01
1.586275996759613349e+02,8.292153703777626106e+01
1.580674558924544897e+02,7.194001682475095549e+01
1.544313219011625620e+02,7.075225168849742374e+01
1.601467012798296992e+02,6.990374771363335071e+01
1.646526401241374060e+02,5.890911909036807970e+01
1.481613509645133036e+02,6.652000589514946682e+01
1.592002445078992992e+02,6.772961121752921088e+01
1.634512907041582253e+02,6.681062840695655325e+01
1.592162380387030112e+02,6.419030990603903319e+01
1.671612144852278163e+02,7.121159074569203540e+01
1.563246005399512626e+02,6.358787206501083489e+01
1.668977085864696335e+02,7.322087738313291538e+01
1.675371863863501005e+02,6.478544679621046498e+01
1.646211562186863944e+02,7.828667192464975244e+01
1.567409459844607511e+02,6.906148176040854025e+01
1.741501002355691696e+02,7.323768975852506458e+01
1.601430794509771260e+02,6.765114790597074546e+01
1.654134406405812285e+02,7.237194422667826643e+01
1.550824974835254864e+02,7.548125410780291134e+01
1.569447680188823142e+02,6.346378093042586954e+01
1.645427509245704130e+02,4.986619830733446435e+01
1.521957945765949205e+02,5.169573594041934683e+01
1.649242481173318140e+02,6.752707049671523976e+01
1.739614627223026559e+02,6.680034880653933271e+01
1.519934964718461856e+02,6.860361039629208335e+01
1.598086386886486139e+02,6.926047463011580874e+01
1.676901195876690736e+02,7.441285698256614012e+01
1.593602103597259543e+02,6.022531618207081294e+01
1.675018807748199663e+02,8.928919383205591487e+01
1.629764351836140577e+02,7.454491386113458873e+01
1.501145515241664725e+02,6.721417359186175133e+01
1.437966777742566364e+02,5.929011622449498020e+01
1.599748692563569534e+02,5.046814702303370836e+01
1.680760004136861028e+02,6.196470407787477086e+01
1.558353295770521640e+02,6.658663577826851565e+01
1.702632151198133101e+02,8.083750444565538373e+01
1.506235399330715552e+02,8.018066645784757895e+01
1.661999823512580861e+02,7.021439144003647925e+01
1.603708778309179479e+02,6.949709179585136098e+01
1.608795380678194249e+02,7.761762054312917769e+01
1.592115743698828680e+02,6.090951900149222809e+01
1.570798455313775435e+02,6.503941084584134558e+01
1.610592931663569516e+02,6.921930290930245633e+01
1.539760389538420213e+02,7.051125062123783493e+01
1.680880310958807513e+02,6.135116103474734217e+01
1.535474134924749592e+02,6.013063891846650222e+01
1.658648478311597216e+02,7.112040377376351330e+01
1.543297979193553999e+02,7.473963525252486306e+01
1.524801563976424745e+02,5.592016380836944478e+01
1.661123085416971605e+02,9.087507634257971745e+01
1.642378664048022472e+02,5.380742630101052271e+01
1.622637959479000074e+02,6.479512443451416459e+01
1.741599084750611439e+02,8.856637692725514910e+01
1.565455787515712416e+02,6.964854544346266607e+01
1.683812295694010857e+02,8.069040822599097851e+01
1.641756207665877980e+02,7.275698807033683124e+01
1.738841851147283819e+02,6.831112592160985741e+01
1.544106486797044511e+02,7.009694623904839261e+01
1.593653459932888268e+02,6.293553273020206262e+01
1.582492771364651674e+02,6.889424471692929330e+01
1.557603307741593994e+02,6.856307789952977316e+01
1.513651217877933561e+02,5.624055987956201363e+01
1.602282363001289980e+02,5.126984976506214764e+01
1.598812632285883524e+02,6.596126938629241465e+01
1.554455279091350235e+02,6.159882167685107390e+01
1.601875784327639280e+02,6.863295261879726183e+01
1.498596332949188934e+02,7.101511526117236883e+01
1.716931404904193812e+02,6.261891859796256199e+01
1.653492803432857272e+02,6.469153856446057205e+01
1.632282209200613750e+02,7.244124201080258274e+01
1.668152877706269805e+02,6.811183708084286081e+01
1.594193481011580786e+02,6.974717129631066825e+01
1.572714514380874391e+02,6.005693705381887781e+01
1.579618833363153385e+02,6.723081501152427109e+01
1.565714432141371901e+02,6.874935015355691803e+01
1.586921948216491387e+02,6.050554896044366870e+01
1.691961487250106870e+02,7.533495787937665966e+01
1.584397493264159493e+02,7.918579129177085463e+01
1.715058733069764685e+02,6.653181026822598199e+01
1.647614169103601682e+02,7.419161860713978740e+01
1.750896132047118101e+02,6.140915496817886776e+01
1.582257581724485647e+02,6.738126155524194871e+01
1.568824527155436783e+02,6.574494513412339813e+01
1.575053370935065118e+02,7.056249874051609083e+01
1.467341731888706704e+02,7.108553761186786346e+01
1.670869374590981806e+02,6.657637750652969544e+01
1.650613070568342948e+02,7.146232259175833690e+01
1.627485085373042466e+02,6.244259377977436998e+01
1.625773572229829824e+02,5.872695904649962273e+01
1.684708362302712032e+02,8.529974712246615809e+01
1.556962799580383887e+02,6.355654432961567579e+01
1.643640474838208547e+02,6.591896931735234944e+01
1.644700293801519138e+02,6.611295542842829320e+01
1.674220029415546378e+02,6.835954899205020752e+01
1.722373985710042916e+02,6.448544796956514347e+01
1.652808532905876575e+02,5.394466472112036115e+01
1.565987130460611922e+02,4.418907734022240419e+01
1.657477787311029829e+02,6.876945404638797754e+01
1.602148580838195073e+02,7.732933655159001773e+01
1.625470647895814409e+02,6.272540432656646914e+01
1.549402333257646660e+02,7.410990440233238985e+01
1.600711503285219237e+02,6.859090963352539916e+01
1.616796594645828407e+02,6.317782224989161222e+01
1.600201367772872629e+02,6.352268828870867878e+01
1.655601144851833055e+02,6.557607764278949958e+01
1.748280235655676904e+02,7.890301986337209428e+01
1.618313432735941149e+02,7.269882513988542883e+01
1.558920232860141368e+02,6.117329859794703850e+01
1.600534235417165974e+02,7.424169259542236432e+01
1.699508583803326758e+02,4.751499751892806955e+01
1.626995017906265844e+02,6.228674024613468418e+01
1.690956279459654183e+02,7.354527494023804479e+01
1.635274710175851851e+02,6.383627772620979357e+01
1.690432505025794114e+02,7.013658156636469698e+01
1.592650825425727987e+02,8.694607843356929777e+01
1.712647919535675101e+02,7.208979136531330312e+01
1.638211718420192540e+02,7.425124137198402252e+01
1.663657669893260049e+02,6.435856145396627426e+01
1.719572757831652723e+02,5.797185720652710472e+01
1.469941875831448215e+02,6.548573842612989893e+01
1.719201046477693353e+02,6.475228930633028313e+01
1.790804030683994483e+02,7.241118765814185565e+01
1.607412984788831238e+02,6.593922468011254523e+01
1.584147289001901413e+02,7.246810445883761531e+01
1.609056656346920136e+02,7.034918163583458295e+01
1.669235414987407751e+02,7.331255003332914555e+01
1.614012200068796403e+02,7.120187530484155047e+01
1.536672111905838563e+02,5.778323480153414948e+01
1.550150528986829670e+02,6.511479634195958965e+01
1.502902032791839417e+02,6.604899908633871064e+01
1.569541745574798028e+02,5.999716652723454047e+01
1.551656594021414435e+02,5.759338974253752497e+01
1.501921654390089031e+02,7.163697895770987145e+01
1.640956829066569753e+02,7.543074903168292167e+01
1.608675892792663831e+02,7.335977942876355939e+01
1.653482024815911871e+02,7.016584240507474135e+01
1.468440113017341275e+02,6.435023900783085082e+01
1.677911503362463463e+02,7.348640974406687576e+01
1.721746100245329671e+02,5.804203272249490198e+01
1.581575722092238152e+02,6.744003053275342552e+01
1.513712756058627917e+02,7.663803402923780084e+01
1.472061599817140518e+02,7.186903737966852646e+01
1.677740933285437563e+02,6.875134269031131851e+01
1.604068961843362331e+02,5.516302769080667900e+01
1.639299629917299512e+02,6.747194532418410517e+01
1.598108865459390699e+02,5.509727739318832107e+01
1.493365627339285027e+02,5.600138132064137153e+01
1.572214888163573789e+02,6.126314813183729768e+01
1.604633763154552923e+02,8.606916230777409282e+01
1.549125726783764208e+02,6.628893730200874757e+01
1.628946311695328575e+02,6.172607900080134868e+01
1.557429818417851948e+02,7.512207950838991621e+01
1.673499658495452138e+02,7.772088804772747039e+01
1.469156530388098929e+02,6.736318930796240068e+01
1.639469062014361214e+02,7.201927385819881522e+01
1.610131707643760421e+02,6.483654541962764029e+01
1.673481850383455196e+02,7.062221095846385310e+01
1.704775920351964373e+02,7.108962231211079086e+01
1.653685376481554954e+02,4.937607728060137902e+01
1.630952744438245077e+02,6.575333431560764552e+01
1.570571717134826031e+02,6.841198006942187249e+01
1.688130819200739552e+02,6.446084695322829816e+01
1.619439665903772436e+02,7.409297839951950948e+01
1.642935879926823759e+02,7.123726930211604724e+01
1.609042766451140096e+02,5.900429700106376885e+01
1.628047900416985101e+02,7.930615889222022474e+01
1.570011759851922193e+02,6.129369974685160116e+01
1.796772101745684438e+02,8.462090564169974982e+01
1.631025408309440650e+02,6.018209637902204179e+01
1.590116662942646144e+02,7.923176733360838853e+01
1.588130989960802140e+02,5.858660917082639941e+01
1.643171244540507985e+02,7.551592420480380952e+01
1.587320133510824007e+02,6.107741434197018293e+01
1.671627690612738775e+02,7.689000881051101999e+01
1.622479937979663589e+02,7.317160242305058659e+01
1.639314257641543406e+02,7.560390586591438478e+01
1.697772003271882397e+02,6.791379523446686051e+01
1.642522771773851105e+02,7.475062144677200138e+01
1.648588864487560670e+02,6.403538149815818770e+01
1.658696389536496838e+02,7.358758655951193361e+01
1.716950828985688418e+02,6.460670658082742079e+01
1.613993251107099240e+02,7.069871869520247287e+01
1.705964870361827366e+02,6.785167159803717141e+01
1.672457343528621152e+02,5.442958971458983797e+01
1.654789803949661007e+02,6.681140248582133268e+01
1.535029593109628649e+02,5.630633409280169133e+01
1.633172414244587856e+02,6.691853538302160587e+01
1.523028506911633428e+02,6.293193208298526287e+01
1.578062850616566095e+02,5.959603316536576756e+01
1.600056747326860602e+02,6.220166466542169559e+01
1.584786278313539469e+02,6.016027652507957413e+01
1.525476987892791954e+02,6.411045314389852479e+01
1.683037644458083832e+02,6.215619692744617453e+01
1.603337858370874187e+02,7.558955510787643561e+01
1.712061521331790459e+02,7.257013544856738463e+01
1.618691368767714778e+02,6.336044190556883393e+01
1.491858527753799137e+02,6.898295177610512496e+01
1.717654635507545606e+02,7.410407412647811043e+01
1.685301991179175900e+02,6.906405706002483669e+01
1.735373293624365942e+02,7.904958608410919396e+01
1.595436592480128297e+02,6.750005856430436779e+01
1.472768142572448653e+02,5.295530823628760686e+01
1.626992668379767792e+02,6.807802198700395024e+01
1.541286817957789026e+02,8.148246366252757866e+01
1.554567344467848500e+02,7.373772421216170869e+01
1.539953042875774827e+02,6.889116462220526671e+01
1.531576527337914513e+02,7.717508627120314202e+01
1.687417591148687279e+02,8.330423705274560575e+01
1.537896013336221870e+02,6.949498906117027275e+01
1.455858921585453345e+02,5.622921607495401020e+01
1.739408301348972827e+02,7.280509062623312388e+01
1.558728293221600723e+02,6.820211815722389304e+01
1.533440445567649704e+02,7.504113850588487367e+01
1.674768504852275157e+02,7.337797274689823723e+01
1.631848603274111724e+02,7.070435719889574955e+01
1.498437198712432235e+02,6.262001286778806985e+01
1.682046502142098632e+02,6.671167323810908556e+01
1.673146011878382353e+02,6.829699713543655548e+01
1.641337596383502841e+02,7.661139632505262398e+01
1.487166607711337463e+02,5.928499833687537546e+01
1.612761433892646608e+02,7.071216203812191736e+01
1.481756008847524697e+02,5.496919515181988203e+01
1.627197414673787819e+02,6.081873979608520386e+01
1.655378532464312400e+02,6.210860757852896086e+01
1.674719244941171894e+02,7.825802004261419142e+01
1.553031945406449665e+02,4.923433220214459283e+01
1.712708141842677207e+02,8.195685969761528611e+01
1.602452422277710582e+02,7.312486289530066585e+01
1.593002949198188958e+02,6.204881274819199888e+01
1.561123033726709366e+02,6.105633398530844858e+01
1.646948191930814289e+02,7.968551702468630538e+01
1.656054256022871130e+02,6.535480852670910679e+01
1.610991067159359886e+02,5.698276890906264214e+01
1.562947728987612379e+02,7.092300059977253568e+01
1.708442940251061941e+02,7.838053438776056225e+01
1.634669612647654446e+02,6.209119876694573747e+01
1.675601321351700506e+02,7.407393539114937653e+01
1.657307570969743722e+02,6.071372336778313894e+01
1.625637546873570329e+02,5.700768339937474849e+01
1.569648333896771817e+02,5.918723134489515303e+01
1.576113864095357826e+02,7.399342752585197047e+01
1.592048572545651552e+02,7.365985299129522446e+01
1.440144444574375200e+02,6.024297912695202228e+01
1.570309073037761891e+02,5.045519492988758969e+01
1.679599968550737970e+02,6.920044290836020195e+01
1.622704195238092950e+02,6.778329836459560909e+01
1.516671296508674516e+02,7.482275455676290221e+01
1.645836518076163202e+02,7.733862394348949465e+01
1.587378636479038505e+02,7.270906400345060661e+01
1.689886744361512569e+02,7.077444038421127459e+01
1.600487388811434357e+02,7.370802223810412102e+01
1.556005939869248778e+02,6.680364151367406578e+01
1.626084597514804102e+02,6.825500827618691346e+01
1.595225938510306207e+02,6.859408174126453162e+01
1.659682852224494525e+02,7.442358385632127238e+01
1.573727269961319166e+02,6.201328225646044245e+01
1.703891517466822449e+02,7.362033978474747187e+01
1.597130213117863491e+02,5.802315433594519334e+01
1.528145033259297065e+02,5.905872168937880673e+01
1.573985332776804569e+02,7.306864971818362164e+01
1.587903131233743181e+02,6.235132131543418410e+01
1.679261788329244212e+02,7.887560477543816262e+01
1.647721990112840160e+02,6.902571537520991285e+01
1.614662416940583967e+02,6.347741372890100564e+01
1.678043569454620467e+02,7.202383453146865122e+01
1.644966460424001582e+02,7.786701570411229056e+01
1.684302076698185431e+02,7.228254014084042467e+01
1.592643441986549249e+02,6.510624915318612693e+01
1.721654907767126588e+02,6.712125193255181443e+01
1.484006138278168976e+02,6.271784661599232180e+01
1.526566411267951935e+02,6.131743269612241676e+01
1.621254647390586570e+02,6.843481454436360423e+01
1.675155561667206996e+02,7.362657414898258423e+01
1.720853869113495875e+02,6.839946637374117699e+01
1.636689925393719705e+02,6.484626319381364112e+01
1.626028403079276643e+02,6.938659810015278140e+01
1.647158737453357276e+02,5.230159762130389822e+01
1.637022690921131129e+02,7.604151899562808126e+01
1.619177431995908023e+02,6.910366902129675282e+01
1.534849831337174635e+02,6.483770672367468535e+01
1.562925799402216569e+02,6.116472059528798866e+01
1.618051245239331877e+02,7.612477571926113740e+01
1.516582402579392124e+02,5.122225395122483604e+01
1.615057629901058931e+02,7.017551283016030084e+01
1.688017247696589038e+02,7.192382488059399748e+01
1.594578079792062795e+02,5.483191570219629796e+01
1.546326158339412018e+02,6.774654298891049109e+01
1.517566035637633490e+02,6.951737874669252903e+01
1.563489174231628169e+02,6.875764384680287833e+01
1.624069331552518065e+02,7.401153048527700662e+01
1.677301473248966488e+02,5.725137489682293079e+01
1.609889483824825902e+02,7.976218832989336249e+01
1.647729366308097951e+02,6.856158232433691069e+01
1.654129648992484931e+02,6.164952462009555489e+01
1.600012334004464947e+02,5.688298377257660832e+01
1.565921961223333483e+02,6.168340964353905065e+01
1.714387766268792745e+02,6.380294381164372908e+01
1.659724976003499535e+02,7.332160904285908032e+01
1.712942605327581873e+02,7.490405087079018642e+01
1.583444885300459362e+02,6.642187768854151386e+01
1.592699563706376580e+02,6.546306104866020803e+01
1.632230599496238028e+02,6.723882549990310054e+01
1.587777722391229531e+02,6.747300975681653767e+01
1.535036553112678348e+02,6.183570844318192172e+01
1.565764078584117840e+02,5.745872941837931336e+01
1.528238065793974556e+02,6.635118574309065309e+01
1.597082337978297062e+02,6.307914139271412068e+01
1.475507099746699851e+02,6.789027346143652153e+01
1.650010452830205168e+02,7.066506999829439906e+01
1.663104332205828086e+02,7.111600870307462685e+01
1.480691673855373267e+02,6.636096221448489985e+01
1.583157164737768881e+02,6.127533329873561030e+01
1.614870940802035761e+02,7.081546646986772942e+01
1.529443017973346457e+02,7.012707129702377529e+01
1.612144393173824426e+02,6.800208715016681538e+01
1.643716668421014617e+02,8.646334714571432301e+01
1.573220214842251607e+02,6.007433068581936908e+01
1.672313960301392513e+02,8.840193200601750334e+01
1.623334149991758295e+02,7.133611860084172918e+01
1.529863415489790270e+02,7.989498445729195453e+01
1.552088518629373652e+02,6.576638046750764488e+01
1.702865953704745436e+02,8.161312134775013760e+01
1.712295474270053433e+02,7.473692366167824730e+01
1.633761218572160772e+02,8.448131996789201992e+01
1.709429282552108873e+02,6.050238920754132721e+01
1.524572133091099886e+02,5.867799589393040094e+01
1.733512383748441152e+02,6.703688848181415949e+01
1.737005851749146075e+02,7.745355655151873009e+01
1.597284309043853057e+02,7.394028790063177325e+01
1.609489173387631240e+02,6.626794005640755358e+01
1.543746116621778697e+02,7.119492741261308311e+01
1.817955217229700509e+02,7.660556745707017967e+01
1.619810086971814940e+02,5.479292102841337453e+01
1.599004963079975710e+02,6.190862670659144129e+01
1.563955270759024927e+02,5.798267238317144745e+01
1.579887800652215617e+02,7.271122240354625887e+01
1.579197257165588439e+02,6.451882903421044091e+01
1.688495242790625070e+02,7.479721657034714610e+01
1.662112134617473771e+02,5.676672737770558541e+01
1.563556061378570234e+02,7.432504693506305671e+01
1.631674620860380003e+02,5.643562199734780904e+01
1.564315993040999899e+02,5.931145427408713289e+01
1.629436941199222133e+02,5.716997673673713365e+01
1.425401589566937446e+02,5.549442066048610656e+01
1.742317092006769315e+02,8.750881295322353992e+01
1.641978514412691652e+02,7.786205915316664061e+01
1.557459851871268768e+02,7.966284946705519587e+01
1.686540607704505987e+02,7.170362461620693750e+01
1.626411590444457431e+02,7.137555040751031754e+01
1.597125777633128507e+02,6.204700741512326800e+01
1.741698971772040068e+02,7.426321120641451046e+01
1.642268169703654337e+02,6.456688981114929504e+01
1.671790568920796147e+02,7.409409738900147602e+01
1.712887712118541970e+02,6.671797348475054434e+01
1.650504297130354132e+02,6.431212206043078083e+01
1.619380708222715555e+02,7.031333485922561977e+01
1.609713687587840241e+02,4.996667393824895953e+01
1.546079200177226483e+02,6.046531382364578633e+01
1.675233010964973062e+02,7.845198457791586577e+01
1.494726789974703820e+02,6.736887352689913655e+01
1.671864547280500517e+02,5.537881296714792256e+01
1.694920994936036038e+02,7.221227750384569788e+01
1.667727708205114823e+02,7.540227152498509611e+01
1.620605553582234393e+02,6.440645375256711702e+01
1.561895696378124967e+02,7.347378168357420236e+01
1.650034004500565175e+02,6.750990579947084314e+01
1.709985615295363459e+02,7.656533436432265205e+01
1.664112109966695527e+02,7.463528678847424658e+01
1.682248993673105701e+02,8.264033363196570292e+01
1.572237269784907028e+02,6.488724188916728508e+01
1.579270857598707494e+02,6.822703907546261348e+01
1.657996051612428516e+02,7.453071895119666124e+01
1.478844609630870082e+02,6.061245216847554218e+01
1.571995016544424004e+02,6.597265218189033931e+01
1.512693441115822282e+02,6.304047788437959809e+01
1.502138983654593858e+02,7.399595771859263493e+01
1.661572171858015281e+02,5.937617317720131638e+01
1.683808580771521974e+02,6.680900036465796177e+01
1.631780959992948681e+02,8.376903992346892380e+01
1.598383508798841319e+02,7.623487414460538503e+01
1.544384848204809941e+02,7.218916090388171369e+01
1.618116088472676779e+02,5.054913809869442787e+01
1.569684915438788266e+02,6.472003809067020086e+01
1.679566293569557445e+02,6.058787548993839778e+01
1.516432390533837804e+02,6.528483879131003675e+01
1.578562546488929286e+02,4.746806384660705902e+01
1.720265428685891038e+02,8.942670522720905524e+01
1.544800753432411398e+02,6.781026885292899919e+01
1.659221379446416620e+02,7.234369385153293308e+01
1.589969446037563898e+02,4.608254394946482080e+01
1.397111575147681322e+02,5.305249062895447310e+01
1.626875693769023599e+02,7.091364213591776888e+01
1.621877271270911649e+02,7.147463513481125119e+01
1.526162590058243040e+02,6.769390256985748522e+01
1.639890388452191416e+02,7.460822783329329866e+01
1.701460826094472623e+02,8.429307724630398013e+01
1.607108873176056818e+02,8.164047871371725762e+01
1.648865704247676547e+02,6.880722897876123056e+01
1.555853271531156281e+02,4.858203715646224907e+01
1.717675198766203550e+02,7.284029969259793802e+01
1.613371932353310285e+02,7.401930148007286903e+01
1.626922757088358651e+02,6.948659157671238518e+01
1.534582830658431192e+02,7.725198757568257690e+01
1.579598297574148091e+02,6.537991418186344106e+01
1.698091707205210810e+02,8.348616569153242040e+01
1.645975207991548643e+02,6.827630837572644396e+01
1.557944340461490356e+02,7.214749511401704751e+01
1.493103924516533141e+02,6.533302698912834217e+01
1.475466914059004182e+02,6.582981224856699498e+01
1.662288858033584233e+02,6.984661210799897901e+01
1.549494157111497259e+02,6.040904866405038831e+01
1.601909977795820907e+02,7.921072258073664329e+01
1.736308960296552755e+02,8.186457689956159811e+01
1.527847775524791984e+02,7.602337414863505671e+01
1.565803872430760464e+02,7.262788043639228874e+01
1.694482281369480177e+02,6.566098570503565668e+01
1.629343839076100267e+02,5.900631918161565181e+01
1.695195133111847383e+02,6.525593235912987211e+01
1.693425689679820323e+02,6.895720201920511272e+01
1.575972650060144815e+02,7.199068440394947288e+01
1.588724513351525616e+02,5.985027823329266283e+01
1.677846390838082300e+02,5.992127123571300729e+01
1.632380270714589017e+02,5.561388295154071670e+01
1.605456141719938614e+02,6.734138893097863843e+01
1.686792753668837008e+02,6.750821815650529345e+01
1.650644977387962342e+02,5.726344769937507806e+01
1.478460817041403459e+02,5.908349639565915368e+01
1.760647087638485004e+02,6.582988037654513391e+01
1.710465194014051917e+02,6.704549323159831431e+01
1.558596694196264991e+02,6.431030289851571524e+01
1.687455048098054817e+02,7.192934155507509786e+01
1.576574938745209238e+02,6.450971571806908855e+01
1.448400238514122975e+02,6.630239289688742588e+01
1.632114878470130463e+02,7.626710243389091204e+01
1.677359968289819960e+02,7.553448096485080043e+01
1.716688967481943280e+02,7.486582826655798328e+01
1.541908371141738598e+02,6.009358475424681956e+01
1.677287453602001506e+02,6.179797686371486520e+01
1.603465507576215714e+02,6.976111552936220050e+01
1.645293848826696603e+02,8.860165001806842611e+01
1.608540057006924826e+02,5.505826070671766104e+01
1.624871074083414442e+02,7.260597255423330409e+01
1.517136162468265752e+02,5.052185874976255775e+01
1.676978636811933825e+02,8.451354348807167582e+01
1.586023335064435571e+02,6.245145614947860224e+01
1.651644434927850682e+02,7.655571268966286880e+01
1.577813612523295888e+02,5.901233812267658152e+01
1.665588389462129442e+02,6.483409582452139830e+01
1.674343794955581757e+02,6.553849205965818214e+01
1.616577114491027487e+02,8.138245746138954928e+01
1.558346029451228105e+02,7.248483603457309243e+01
1.578615723366219754e+02,7.276010537033454284e+01
1.633955312197529679e+02,7.616027595702522035e+01
1.695601440387496268e+02,7.143246032914584021e+01
1.633282201460802412e+02,5.908542359725441884e+01
1.625922554410989562e+02,6.860389923523477762e+01
1.672101608676580611e+02,7.130162463026505293e+01
1.484605432046641056e+02,6.218095190995269661e+01
1.593111455218986521e+02,6.754528737715435227e+01
1.668967222729862101e+02,7.198177646244892003e+01
1.639854012221835546e+02,7.712976222865484033e+01
1.637451075654212218e+02,7.519876074991037740e+01
1.677483530156492577e+02,7.182017482326160973e+01
1.512123518320563278e+02,5.603104910223865431e+01
1.649050660164554074e+02,7.380653694785843300e+01
1.629720321956046973e+02,6.576962783501721788e+01
1.422465386623264294e+02,7.232429990632449801e+01
1.674543235120935094e+02,7.187316739818626843e+01
1.535257564996894075e+02,6.153511888232097249e+01
1.609465403361156461e+02,6.616332060134017468e+01
1.649619143998795892e+02,6.190572943028988107e+01
1.586252906877277837e+02,6.585672129082928450e+01
1.596735916686901646e+02,6.754990594287063743e+01
1.601841999393375886e+02,6.314180971186632974e+01
1.553913732135218027e+02,6.839136794043967882e+01
1.592529528830138759e+02,8.247290848347375913e+01
1.496597128128225620e+02,5.656228801252617444e+01
1.674947083851108403e+02,5.904070059035747420e+01
1.548945002211508495e+02,5.810312018505406684e+01
1.547757049622669285e+02,8.236766527941607308e+01
1.633354384869774663e+02,6.235770567991896485e+01
1.599206801094724426e+02,5.199183191635155765e+01
1.534371915937385609e+02,6.416027413083777731e+01
1.551280423408931881e+02,6.007914335298320907e+01
1.701202267072596896e+02,7.616800012572512912e+01
1.606704656985331496e+02,5.568704565571782439e+01
1.545675020554840557e+02,7.004085727629340852e+01
1.592001524141639095e+02,5.227337084586338278e+01
1.628553427161625677e+02,6.492148358577843226e+01
1.592426960828172469e+02,6.575305166006455693e+01
1.653564631938078549e+02,6.566097828234667588e+01
1.593283076012807271e+02,6.262242003930089140e+01
1.742143695637894893e+02,5.674751315978036104e+01
1.761725595841455743e+02,7.373622978793443394e+01
1.606215456400037738e+02,6.283147752385031026e+01
1.485446908366597256e+02,6.683961584886530716e+01
1.482150552106084547e+02,6.675106901871588150e+01
1.548625768106434180e+02,6.600282240193243410e+01
1.734518443712392184e+02,7.151281319839378625e+01
1.623592509534948647e+02,8.313618653789602320e+01
1.678391516158566787e+02,8.447356387214043139e+01
1.694584136426845475e+02,7.844828758849722306e+01
1.644984943179402421e+02,8.046287413400082755e+01
1.662487198052319286e+02,7.416156313780098230e+01
1.765432309252192340e+02,8.549216955416734720e+01
1.556902686271567973e+02,6.046569257772762995e+01
1.665622466382398841e+02,5.016005051073852883e+01
1.701401142932353139e+02,5.617387257396033817e+01
1.710705962406956075e+02,8.043663774916784348e+01
1.655641788374099406e+02,6.905816121883385961e+01
1.600519237682003393e+02,6.905253061729096942e+01
1.707936832008956287e+02,8.566322519488934972e+01
1.702018600746091579e+02,7.741229495583021958e+01
1.475378712184010510e+02,6.478544918221048476e+01
1.463914974683106891e+02,5.869707095912290384e+01
1.615246077446279003e+02,7.447118884392344285e+01
1.728308040736488351e+02,7.197850486967313088e+01
1.535639958357380124e+02,7.910938596618535712e+01
1.653662503780780355e+02,7.244341971890068521e+01
1.642625886647612106e+02,6.649016380753730004e+01
1.681751372136933469e+02,7.707673777878927979e+01
1.554419673619908622e+02,4.768247830192419912e+01
1.534899194487490774e+02,6.268098502386991555e+01
1.482356291538066557e+02,6.431867914338532444e+01
1.593086781978516058e+02,7.239306032755553133e+01
1.611317865869669390e+02,6.891220215008119965e+01
1.570704283507819810e+02,6.102858526379744575e+01
1.648186823022577698e+02,6.176617652519386326e+01
1.621417694356493939e+02,6.974836938621858451e+01
1.662458644277197379e+02,6.591184310810615443e+01
1.561902214006695999e+02,7.328396458190017881e+01
1.591835509548210155e+02,6.003416549686682657e+01
1.618707826643086776e+02,6.664194551423609880e+01
1.540201714616116249e+02,6.912734326022837195e+01
1.465164722878224666e+02,4.992700686031942325e+01
1.653002196730926414e+02,5.970563410349448930e+01
1.603322071376298084e+02,6.434512840090923191e+01
1.739462886894153826e+02,7.490144547841951805e+01
1.623308650772589772e+02,5.928140368353303558e+01
1.532965452259858239e+02,6.861656508384363917e+01
1.705115334911130844e+02,8.026893783772666779e+01
1.671879926890504464e+02,6.509275382524255349e+01
1.599148497082064182e+02,7.027220184856140861e+01
1.714870104019731798e+02,7.720679851463835064e+01
1.655552251184007844e+02,7.903692316804315965e+01
1.641107342253291108e+02,6.185463172741984295e+01
1.586263765128197463e+02,4.867002373655019909e+01
1.502960388853559266e+02,5.291990049517384875e+01
1.661429432713356960e+02,5.748192621759562826e+01
1.618180448621511687e+02,5.855982639235037368e+01
1.681112848253879406e+02,7.294547862466055221e+01
1.626326380362538657e+02,6.875681164390614697e+01
1.698420971647890099e+02,9.355117648172841882e+01
1.662074590082637542e+02,6.949209334950199946e+01
1.655109128819270836e+02,7.055569377201743464e+01
1.636610849407022954e+02,7.458689279512215364e+01
1.629168742263905472e+02,7.155312615007092347e+01
1.544200170358577680e+02,8.119993535436529442e+01
1.456302889608183193e+02,4.898289002903949552e+01
1.581399135684020791e+02,6.975583151792709202e+01
1.567992665379009054e+02,8.039969837004998965e+01
1.639846446497432453e+02,4.824227511539428548e+01
1.573508779306465613e+02,5.637644514068373525e+01
1.732539191643239462e+02,5.582985212320936341e+01
1.647361297447184825e+02,6.388592869856761070e+01
1.562841286994723191e+02,6.343130393379868792e+01
1.589074655950957720e+02,7.451877048833020467e+01
1.569150462724018666e+02,5.856175183279972885e+01
1.646586691205646957e+02,7.720417665180521283e+01
1.663329579252470865e+02,6.642696357748714320e+01
1.738912492861834664e+02,6.651941669181483974e+01
1.464902784978684736e+02,5.411710500415077263e+01
1.607115241496057365e+02,5.961297859704032476e+01
1.601593049643223310e+02,6.297873493172948400e+01
1.530570600381645079e+02,5.362750908935931449e+01
1.589198932561888284e+02,6.412805305917200371e+01
1.624034615799880328e+02,7.392732889187101364e+01
1.672593341073574607e+02,6.044311608225952170e+01
1.572599219228965524e+02,6.783296263629461009e+01
1.625959161456794675e+02,6.232829418378726416e+01
1.743222194340721103e+02,7.784892186282141324e+01
1.599783513644952109e+02,6.834955613096556704e+01
1.656111747852606868e+02,8.020144182368963470e+01
1.635208702928406979e+02,7.526155692501934880e+01
1.730323045822551080e+02,7.377129193327813539e+01
1.453590400043786417e+02,6.080273521026868622e+01
1.534501471271339028e+02,6.285340980463042371e+01
1.506026720217842012e+02,5.506335839515583075e+01
1.608824460949984427e+02,7.720397709748078796e+01
1.620883319002447536e+02,5.627035469087439878e+01
1.689253849874049820e+02,7.265057076350446152e+01
1.657932192658197437e+02,6.180243544368644848e+01
1.517915944371204375e+02,5.819968153710856740e+01
1.625873639247120650e+02,7.487698859532744677e+01
1.649964424777431873e+02,6.702577154750430566e+01
1.567967729267344055e+02,6.673742778451189395e+01
1.680731568214532103e+02,8.385761840961428959e+01
1.638306969890806215e+02,7.444341850177471542e+01
1.729647581615040224e+02,6.731626320344079772e+01
1.557023661548184634e+02,7.004375859770426871e+01
1.690310414985901843e+02,7.461938937943037331e+01
1.635448893006949902e+02,6.995582769694522085e+01
1.685843970234917606e+02,6.605112185443979911e+01
1.649957865757671698e+02,7.853604657518607723e+01
1.610459946458908860e+02,7.668105800266019401e+01
1.578508917409507148e+02,6.005834544719594703e+01
1.689478939040518810e+02,5.977037570789699572e+01
1.571545313102004968e+02,6.861002655286435470e+01
1.699094164546955597e+02,7.026968829399976357e+01
1.605688910759473629e+02,6.403981745361038236e+01
1.529517255569668919e+02,6.679385180422960389e+01
1.685231210630647922e+02,7.244548705809945943e+01
1.618170299074590162e+02,6.339588222106321069e+01
1.599878910543168047e+02,6.134761427496516006e+01
1.663138489207877910e+02,5.756235146670485392e+01
1.522771838680280609e+02,6.124960586652143490e+01
1.606460044232339897e+02,5.556340238561510603e+01
1.685814753342104382e+02,6.950111626009923782e+01
1.607433966274452075e+02,7.389340503624914902e+01
1.683369985896235050e+02,5.854508055433790048e+01
1.538166324143308259e+02,7.415233849959098222e+01
1.561223954211322109e+02,7.341481078645621494e+01
1.676314119014419362e+02,6.020086139930896252e+01
1.437893467064174047e+02,7.365331022075372402e+01
1.680218809036674372e+02,6.455075567594286667e+01
1.753680043733765501e+02,6.198048181975196513e+01
1.564198309195706713e+02,5.557521976637946182e+01
1.752036148026246565e+02,5.655179114754156444e+01
1.597048068917973467e+02,8.138794245876647437e+01
1.742273551204708042e+02,7.087175641418430416e+01
1.633036648733993275e+02,6.821053195016396842e+01
1.627934212046698121e+02,7.271304668596798138e+01
1.469876121640894269e+02,5.102712873523154258e+01
1.643796625376911038e+02,6.136133699468550873e+01
1.504276810185310467e+02,6.252481388081458391e+01
1.652769558581323395e+02,5.918359695860883107e+01
1.540299645804990121e+02,6.555789452134300177e+01
1.586406112638195793e+02,6.124649053856592218e+01
1.676452756037774634e+02,6.591872379191467246e+01
1.549736433917845204e+02,6.698264551104827547e+01
1.587863982611728204e+02,6.551065502267925922e+01
1.661141586480096919e+02,7.313276724601504952e+01
1.705317341790555759e+02,7.441424565732773999e+01
1.684760441733401706e+02,6.901240355400112492e+01
1.598171637836490788e+02,7.025624076389182449e+01
1.616442155662367952e+02,6.847193945815934057e+01
1.586107207211441334e+02,6.640435763719801798e+01
1.660107404939226967e+02,5.851582609842478178e+01
1.614710609830459873e+02,7.674404305281305483e+01
1.596710532404635501e+02,5.727455526763749560e+01
1.584316242268442068e+02,6.161965224275010655e+01
1.629597550148398852e+02,5.819280100775306863e+01
1.576125284715774910e+02,7.199251585482946325e+01
1.575453567146858802e+02,5.996747865349761497e+01
1.643489030536798623e+02,6.396839595682351387e+01
1.649196617088038579e+02,7.627248322375010048e+01
1.537588442086542386e+02,6.145940134436310132e+01
1.679460082128713623e+02,6.273130973457062254e+01
1.559339584820008326e+02,7.749395716329487982e+01
1.584459217425393547e+02,6.082476056628443928e+01
1.652763369510413156e+02,5.846222649545882177e+01
1.594651057478775442e+02,6.253040417367294168e+01
1.533514704418549286e+02,5.455833967326933731e+01
1.682393614438323652e+02,7.326996468624963654e+01
1.601092831600554405e+02,5.696185814635637001e+01
1.613690212799525341e+02,6.387764191684914294e+01
1.657971618268030909e+02,7.404457352617473020e+01
1.674077443149254805e+02,6.302778884382369284e+01
1.688511795842050560e+02,5.851376691490791160e+01
1.652052588018047459e+02,8.420165205453690760e+01
1.564485931691201017e+02,5.278007929200985870e+01
1.610432649936166740e+02,7.513247232483885796e+01
1.594821206186239522e+02,7.391584508276878296e+01
1.618841480918999594e+02,6.241095678751099740e+01
1.515511127249605750e+02,6.434238550082108077e+01
1.602939703829779319e+02,6.916566927208454274e+01
1.630559998845516532e+02,5.969951241792013263e+01
1.679951985454825376e+02,7.986953656702573312e+01
1.510352574581775684e+02,6.870417648958192558e+01
1.654235337103170309e+02,6.558821619648421120e+01
1.647609928229608727e+02,5.877076597541230285e+01
1.565993517947339342e+02,7.377922390339608683e+01
1.570009411353648261e+02,7.008751201217005189e+01
1.575503057272468936e+02,5.718826440358868979e+01
1.587872847616131935e+02,7.904502817745374443e+01
1.716909902143976865e+02,7.949078460920361522e+01
1.571400492795863499e+02,6.414979748127549897e+01
1.614969954676275279e+02,6.981250455046271952e+01
1.627948048433418649e+02,7.837869091315775449e+01
1.673663579402192738e+02,7.427126023288610668e+01
1.625280180822478542e+02,7.945433920151748453e+01
1.773395999855511320e+02,7.625340804211418799e+01
1.572745469581866189e+02,7.899521363972466759e+01
1.622362011757769551e+02,6.829450522759464093e+01
1.620923183649688326e+02,7.070483996405812377e+01
1.636690777126986518e+02,6.663252537349315219e+01
1.692245149620958387e+02,7.320650347555255166e+01
1.635532154935936262e+02,7.107811500707084917e+01
1.603143035006690980e+02,7.183856689733491407e+01
1.575111784998275368e+02,7.066707610638492554e+01
1.619281497187296281e+02,6.439600511612245270e+01
1.579020364454286494e+02,7.249782896476013150e+01
1.678572054183952389e+02,6.058120782736350662e+01
1.627263843612776952e+02,7.200146940390101236e+01
1.498940151824785971e+02,6.830428696914813713e+01
1.580731110590801336e+02,7.241382032935695179e+01
1.638568082075064467e+02,6.994658570435395006e+01
1.643520563313330740e+02,6.669772184267593218e+01
1.659373580728088484e+02,7.390293902196772535e+01
1.581721478425535565e+02,7.141198929239698145e+01
1.742527199337434354e+02,7.584792957842753935e+01
1.540950057308925523e+02,7.505337585336663153e+01
1.555845141019285052e+02,5.031024687260915584e+01
1.583230146306095776e+02,7.202974596130952989e+01
1.586912083555404251e+02,5.463941724115081655e+01
1.611550076860464742e+02,5.153966271278197553e+01
1.670705579281573137e+02,6.213978215326849153e+01
1.589462044270935053e+02,6.556432750934473574e+01
1.733861022408221686e+02,6.840097690637290384e+01
1.640625048411895364e+02,6.061574957094944693e+01
1.604903704481756392e+02,6.597306891240953064e+01
1.708303920389197117e+02,7.437391136778208534e+01
1.637997672424891675e+02,6.875042986478983664e+01
1.634950150593591047e+02,6.961298998203422173e+01
1.653061754146903866e+02,6.363974844898589822e+01
1.624840789008559341e+02,6.789119436626660331e+01
1.603562488358496410e+02,6.324869320166745013e+01
1.699855452372863738e+02,7.678810292927930448e+01
1.494652469096220386e+02,5.340295210375079904e+01
1.631080282480566268e+02,8.019384133510327217e+01
1.514474721318725301e+02,7.252541665006056348e+01
1.689943021833327919e+02,6.502481787383375433e+01
1.584724024881478783e+02,6.800935609167274265e+01
1.672503898081012323e+02,7.533121835032561364e+01
1.644868229382933578e+02,6.708923291731777283e+01
1.580937464847903584e+02,6.272430902076152393e+01
1.575403173607160454e+02,5.261478002327316972e+01
1.652739529084042829e+02,7.501267854008472113e+01
1.608898138159080986e+02,7.152666985226036900e+01
1.596161147766459578e+02,6.932748446551575228e+01
1.551212936742044519e+02,5.013573540021090480e+01
1.613650222115543613e+02,6.033975404552905530e+01
1.519669415043771892e+02,7.120555570148809466e+01
1.648121135110731075e+02,6.895208887171824585e+01
1.564572192963871373e+02,7.287562952251991533e+01
1.623595169219957199e+02,6.391044008810105481e+01
1.571540494316551531e+02,6.128069453102435205e+01
1.642669037625109070e+02,8.335962188552866792e+01
1.618458716436090583e+02,7.413940950776745353e+01
1.599294944249880928e+02,7.085110173877497175e+01
1.691813246418359427e+02,6.923918720849630404e+01
1.680903702109832238e+02,6.919628449759868261e+01
1.514926073370432107e+02,7.066818938417073070e+01
1.594108593885857488e+02,7.538351569542155062e+01
1.661664142524396084e+02,6.363259095644034602e+01
1.720887241629786786e+02,6.070618086603327157e+01
1.572201424347430532e+02,7.891608487155622242e+01
1.578556616918652935e+02,6.678591144701849203e+01
1.581224084880263092e+02,7.633682566115328427e+01
1.609113063160545209e+02,7.256229039795269387e+01
1.584402139785379688e+02,7.993467140252744230e+01
1.592266811798889137e+02,5.442452870195673142e+01
1.627557970261445064e+02,5.878717787538808182e+01
1.566248004313026740e+02,5.763043318164604756e+01
1.576959483968223026e+02,7.285309417745409633e+01
1.606014301260735806e+02,5.875349470713327094e+01
1.591586950723615814e+02,6.754463812134839884e+01
1.736079899058302090e+02,7.673374533758783400e+01
1.447938033489505472e+02,5.472272954764256525e+01
1.645212216074614275e+02,6.707389544473389265e+01
1.665992535558187910e+02,6.583964700397611125e+01
1.651164897018312274e+02,7.539942673630724812e+01
1.669889158815172721e+02,6.282273087097723874e+01
1.542231285181371163e+02,7.879891596718216817e+01
1.524911521102321785e+02,4.871480989557824870e+01
1.583259072382502382e+02,6.282287031309130043e+01
1.575469853213439819e+02,4.913338148418773699e+01
1.649857685755506225e+02,6.439467666333953844e+01
1.610590346131506010e+02,8.374995059155834554e+01
1.645019601222116421e+02,6.281742389872977128e+01
1.685866690600136337e+02,7.261747097581272214e+01
1.765361274010180068e+02,8.062708077477731194e+01
1.638588069601587165e+02,6.738103345680028156e+01
1.630766996915734239e+02,6.995202484349134409e+01
1.655395416825387542e+02,6.511020248178738257e+01
1.637598516186052962e+02,5.527428633738112751e+01
1.653728021106598476e+02,5.521520327443396070e+01
1.593545435776011061e+02,7.139064743798722645e+01
1.559035677601027317e+02,5.244067121316516022e+01
1.615890997641384388e+02,5.726251041683441656e+01
1.633176295995436362e+02,6.121012888105993710e+01
1.682737334262372997e+02,6.913009511881169544e+01
1.505571640031875802e+02,6.432239291025797456e+01
1.613833459682070668e+02,5.533435724356016294e+01
1.566768590227462425e+02,5.100873438888370970e+01
1.541803707575982685e+02,6.797045338350255861e+01
1.592556138572142288e+02,6.629657916023397490e+01
1.556750333375863988e+02,6.634426980359188519e+01
1.811328520657827426e+02,6.224569331084606461e+01
1.559042709335426764e+02,6.366616225131664919e+01
1.653149722914729125e+02,6.828203199165696446e+01
1.666467294085911135e+02,5.561903119014001362e+01
1.714179282622196467e+02,7.106374926326445518e+01
1.657166446977448402e+02,6.975054612234077922e+01
1.589165778767821280e+02,6.637547507495844457e+01
1.752324810601007812e+02,7.531239540596074278e+01
1.654163227922086037e+02,7.149258159705725291e+01
1.679345728022869366e+02,8.999016938502005303e+01
1.579438946631059082e+02,5.918981529337938241e+01
1.546984700281755352e+02,7.188637389266486366e+01
1.633500080153909835e+02,7.982077890668547582e+01
1.634137719695311262e+02,7.469270446106999373e+01
1.684173011598872165e+02,7.183483168414672093e+01
1.679033017337274032e+02,6.937431447495004022e+01
1.640728910801991844e+02,7.049922549454896625e+01
1.703963761079384938e+02,6.373676407712543579e+01
1.661363876496036198e+02,7.425014835657191270e+01
1.531357288329858193e+02,6.414003754872970831e+01
1.542104278867215612e+02,5.630535483001030173e+01
1.681580735399411139e+02,7.137333119303050921e+01
1.559833925579345077e+02,7.897636268439488560e+01
1.639615099272236876e+02,7.951262749315448275e+01
1.585318370425800367e+02,5.280383950928420234e+01
1.615464354155271280e+02,7.546396519018146876e+01
1.593837441473850163e+02,7.067295244223610950e+01
1.715535785888079090e+02,7.103783058291894292e+01
1.697428960004291412e+02,7.505300744234195065e+01
1.654883394228451721e+02,8.144286700517429267e+01
1.652199908625757985e+02,6.998468197198100427e+01
1.569713759837442808e+02,6.700171958933209737e+01
1.545976861270538620e+02,6.919064511455712818e+01
1.747423193524699059e+02,8.437493049469549078e+01
1.717792449819613125e+02,6.885843114507756013e+01
1.530340865494527236e+02,5.309371331086498458e+01
1.511023996474777391e+02,5.440760918791411171e+01
1.422933024308346148e+02,5.829170259346238225e+01
1.608500218311005199e+02,5.831702682313206765e+01
1.505563170544857883e+02,6.785178569677124472e+01
1.618399580792254540e+02,7.065636645548778461e+01
1.594512454005927395e+02,7.679252596352564808e+01
1.600214060768234106e+02,6.278982938414925030e+01
1.655873558182782688e+02,7.624622344033299726e+01
1.612011696467747868e+02,7.353984402822885613e+01
1.550376788861172770e+02,7.714049025321990882e+01
1.653133268630946020e+02,8.092796822914382915e+01
1.456429917696951009e+02,5.123561534511632232e+01
1.617319733493883405e+02,6.254670063208771325e+01
1.768094889173771946e+02,8.087509715092815554e+01
1.729024892525181656e+02,6.743939054858344662e+01
1.624034505368867087e+02,6.863108439059919874e+01
1.681694554071719949e+02,5.837487353248847199e+01
1.748535113490535480e+02,7.993957970560323645e+01
1.641902433879829175e+02,7.648469690189364201e+01
1.414107627949838957e+02,5.030909192056108736e+01
1.601588431951145708e+02,8.050530670715798465e+01
1.593601746815380125e+02,6.151259416626756860e+01
1.602073725401048989e+02,5.780391442396673796e+01
1.579663526229359434e+02,7.135482962543969165e+01
1.671476779803339241e+02,7.169937481681077429e+01
1.696382820953953683e+02,6.302585238916721266e+01
1.747804161924165101e+02,5.996416237885564726e+01
1.599217807918919050e+02,5.724588140922396917e+01
1.712886117116315177e+02,6.378055826891572622e+01
1.535542482228980532e+02,6.273906297774152563e+01
1.599459623985199244e+02,7.033736211561411267e+01
1.585683318832278417e+02,5.820689289650393761e+01
1.531410915544641966e+02,5.046455480225015577e+01
1.362210228325006653e+02,5.689634112172954872e+01
1.731643185126484923e+02,6.399848457433383686e+01
1.641687536522781841e+02,6.845663793078063009e+01
1.626162209866206183e+02,6.671117191360757204e+01
1.501451233460796288e+02,6.866676499279986956e+01
1.667096827757469839e+02,7.446008800448363729e+01
1.629830831248555398e+02,6.623342707576300370e+01
1.592194222663228231e+02,7.059060891180673991e+01
1.668234398972729480e+02,7.113728926373785555e+01
1.563452193918393220e+02,6.754225346138338182e+01
1.792313875014254734e+02,8.104631729432672671e+01
1.502367584598878807e+02,4.974151338838868242e+01
1.774222065495953302e+02,7.219630340623410802e+01
1.532659328110444505e+02,5.550064646183812300e+01
1.681314569882766250e+02,7.373494281008053974e+01
1.592649996878434138e+02,6.753935369239596298e+01
1.750774364416346600e+02,7.445773686055441942e+01
1.639026556132330086e+02,6.827613353340629487e+01
1.707334892987519765e+02,7.581917049630453675e+01
1.593570073798985334e+02,6.307820882630664272e+01
1.546633456265810196e+02,8.191732817351879703e+01
1.595992552493281380e+02,8.587276566085870400e+01
1.675563205047937743e+02,6.339784025891488284e+01
1.576752961675003633e+02,5.787739261514064282e+01
1.554213502903270978e+02,6.904026869759846363e+01
1.726169072207792681e+02,6.301953809389935657e+01
1.683384796210845025e+02,6.768449112041993487e+01
1.538364052548025711e+02,6.473291935134453468e+01
1.617647299074867533e+02,7.150081596875531886e+01
1.584523777287217285e+02,5.610344041856088637e+01
1.757745229559829454e+02,8.271491417715755290e+01
1.543954058301608541e+02,5.380735890598218418e+01
1.601961316623028608e+02,7.208526148595476002e+01
1.623729803673754475e+02,6.376888553182659791e+01
1.455646332452764966e+02,6.587982214859492558e+01
1.687185414123551368e+02,6.546921925793374442e+01
1.636375905846390708e+02,6.387456905126338569e+01
1.563931220257686903e+02,5.529052087515263736e+01
1.740038930488550193e+02,8.341189393815501774e+01
1.706135665946713402e+02,5.415213430322489074e+01
1.582496029966625315e+02,6.592515610689439143e+01
1.517124301383231568e+02,5.938209543745054475e+01
1.590854593734123625e+02,6.201129443491252147e+01
1.650102984208430144e+02,5.887123554597193476e+01
1.547816756271026293e+02,6.920876163337518960e+01
1.720030312604153835e+02,6.055595882683984144e+01
1.627733926042561734e+02,7.409632929513357169e+01
1.695749177822977174e+02,6.402629377032089053e+01
1.554786214711566572e+02,7.122357285991439824e+01
1.523032415266911528e+02,6.900495972624274543e+01
1.661379918706478804e+02,6.533741654643914387e+01
1.606003065392588951e+02,6.542528373369546557e+01
1.683859426677782665e+02,7.684871508607261603e+01
1.550744680127877189e+02,5.880845509158615414e+01
1.701893532680508372e+02,8.481209725278245060e+01
1.703020663855283772e+02,7.273483156889946599e+01
1.614371096695544168e+02,5.544609400053332848e+01
1.651898595002382990e+02,6.790819639731670065e+01
1.674548298131690274e+02,7.530402062525183737e+01
1.519928237535512494e+02,6.148984782840838648e+01
1.677615828607012531e+02,7.230400646925563990e+01
1.728954420386548065e+02,6.654454117160645410e+01
1.606390666328387908e+02,7.516116451614806238e+01
1.722534423202859841e+02,7.058630239916627147e+01
1.532395600849823722e+02,6.389423829776054475e+01
1.523424246709121235e+02,6.403596146072172246e+01
1.716511945666807719e+02,7.901804989240687860e+01
1.613100959857193288e+02,6.122302831329909623e+01
1.540637163868283892e+02,5.323691901546989413e+01
1.579717284206684269e+02,5.995371002582737674e+01
1.747011717474042030e+02,9.253536756087862614e+01
1.561576030277309712e+02,7.116783715068906702e+01
1.722320107660242456e+02,7.867498126845052298e+01
1.603226876166168893e+02,6.317960949549420491e+01
1.636724311309718303e+02,7.603935052588528265e+01
1.562854252298897109e+02,6.170687199985431448e+01
1.610167439932791638e+02,6.352700605229516384e+01
1.757576385087498636e+02,7.528977644487662246e+01
1.601793861161070538e+02,6.326338876265651123e+01
1.581888578838620560e+02,7.523143315445928181e+01
1.520692526151061372e+02,4.158270042558699231e+01
1.721790188439741769e+02,7.305058334229570960e+01
1.598000026610718578e+02,6.063545581596498835e+01
1.567973139099518960e+02,6.034861218061308108e+01
1.556558322916456234e+02,5.438600995685344941e+01
1.693131608582744718e+02,6.789066768905928484e+01
1.654180958182890038e+02,8.739865773100044066e+01
1.549688509385771056e+02,5.911026209533490317e+01
1.607303800377379446e+02,6.601380670928479333e+01
1.455209253336291795e+02,6.217126001883402608e+01
1.673719520256469195e+02,7.560140388502301789e+01
1.659973544097588558e+02,7.501117312305251517e+01
1.572799365692161757e+02,6.437186175063216353e+01
1.644429734415891744e+02,7.067509061676611282e+01
1.510723560870181643e+02,6.530743159004362042e+01
1.579565663740301034e+02,5.835920863439903883e+01
1.624366344213345599e+02,6.284208909620269878e+01
1.460225890860627942e+02,6.876340616775227943e+01
1.730296776514136639e+02,6.929771304730434167e+01
